zip	/models/Games/Payday 2 Horror Mask/Payday 2 Horror Mask-20221106T124224Z-001.zip
zip	/models/Unknown/Mini Monster Mayhem/Under dark/neothelid/neothelid.zip
zip	/models/Games/Stormtrooper Phone Holder/porta-celular-stormtrooper20190830-15803-tc9cq3.zip
zip	/models/AnySTL/Terrain Essentials Savanna Core Set (Cast n Play)/Jungle+Terrain+Set.zip
zip	/models/Unknown/Variados/00. Escenografia/Outpost Origins/Construction Kit/MOP_Corridor_C-Kit_2x2_Straight_v01/MOP_Corridor_C-Kit_2x2_Straight_v01.zip
zip	/models/DC/Agent Venom Statue/Ghost Rider/Ghost Rider LBP - DTR/Ghost Rider LBP - DTR.zip
zip	/models/Anime/Ellie - The Last of Us Part II 1 6 Scale Figure/Witchblade/1_4 Witchblade - Abe3D by Marcio_Pre_supported.zip
zip	/models/Games/Gaslands Gear Phase Skull/Air_Mag_Sneakers_Pen_holder/Air_Mag_Sneakers_Pen_holder.zip
zip	/models/AnySTL/Fortress of the Crescent Terrain/fortress of the crescent.zip
zip	/models/AnySTL/3DXM Art/3DXM - Sandman Dream Chibi/3DXM - Sandman Dream Chibi.zip
zip	/models/AnySTL/Artisan Guild - Maneater Nagarots/Age of Sigmar/Age_of_Sigmar_Terrain_Warhammer+Underworlds+_+Nightvault+_+Terrain+Set/Age_of_Sigmar_Terrain_Warhammer+Underworlds+_+Nightvault+_+Terrain+Set.zip
zip	/models/AnySTL/Artisan Guild - Maneater Nagarots/Crippled God Foundry/Kickstarters/5ff820b890d3f_neith-aasimar-paladin/5ff820b890d3f_neith-aasimar-paladin.zip
zip	/models/Anime/Dragon Ball Z - Goku & Shenron Statue/Mecha Frieza VS Future Trunks - CGTRADER/Mecha Frieza VS Future Trunks - CGTRADER.zip
zip	/models/Unknown/ANYSTL - CnC Router 3d/Rosette/Previews/Previews.zip
zip	/models/Anime/Ellie - The Last of Us Part II 1 6 Scale Figure/Psylocke Breezy Butterfly/Abe3D/psylocke-breezy-butterfly/1_6 Psylocke Breezy Butterfly - Abe3D.zip
zip	/models/Movie TV/Conan the Barbarian Full Body Statue (2)/Conan Statue.zip
zip	/models/Movie TV/Cable Full Body Statue (Sideshow Collectibles)/CABLE MM.zip
zip	/models/Movie TV/Ahsoka Tano and the Rancor/Star Wars Legion/Heavy Sandtroopers/Heavy Sandtroopers.zip
zip	/models/Anime/Angewomon Digimon Figures/Harley Quinn Xmas Special (ALT Version)/OXO3D_Figures/harley-quinn-xmas-special-alt-version-943aab7c8fec3bb8946c/OXO3D_Figures_Harley_Quinn_Xmas_ALT_200mm.zip
zip	/models/D&D/Fantasy Props Pack/3D Printable Fantasy Props-20221122T153515Z-004.zip
zip	/models/Gumroad/Abe3D/Black Widow/Img.zip
zip	/models/AnySTL/DefDist DEFCAD Mega Pack v3.3 (Beatty)/glock-22-stubby-suppressor/glock-22-stubby-suppressor/glock-22-stubby-suppressor.zip
zip	/models/Games/Female Demon Hunter Full Body Statue (Miniatures Terrain)/Demon Hunter STL.zip
zip	/models/Games/Gaslands Gear Phase Skull/Superchicas+Totem+20cm+By+BODY3D/Superchicas+Totem+20cm+By+BODY3D.zip
zip	/models/Games/Epic Scale Human Infantry and Vehicles Set/Epic_Marauder.zip
zip	/models/AnySTL/Artisan Guild - Maneater Nagarots/Corvus Games/Corvus Games Terrain - Urban Apartment Building A V3/Corvus Games Terrain - Urban Apartment Building A V3.zip
zip	/models/Games/Warhammer 40k Adeptus Custodes Dreadnought Contemptor/_Epic/Imperial Guard/Epic_Scale_Bombard_SPGs/Epic_Scale_Bombard_SPGs.zip
zip	/models/AnySTL/Medusa Cursed Priestess of Athena Statue/medusa_statue_combined_STLs.zip
zip	/models/Movie TV/Fotis Mint - Nazgul/Fotis Mint - Nazgul – Lord of The Rings _ t.me_gambody/Fotis Mint - Nazgul – Lord of The Rings _ t.me_gambody.zip
zip	/models/DC/Agent Venom Statue/Venom/Nikko Industries - Full Venom Movie Mask/Nikko Industries - Full Venom Movie Mask.zip
zip	/models/Games/Seraphine League of Legends/Seraphine League of Legends.zip
zip	/models/WICKED/Scarlett Witch/Scarlet Witch wicked-20230120T004715Z-001.zip
zip	/models/Movie TV/Wall-E Robot Model (Gambody)/Wall-E.zip
zip	/models/Movie TV/Ahsoka Tano and the Rancor/star skulls – Google Drive/SkullWars 010 PitBeast Skull/Original Files/SkullWars_010_PitBeast_Skull_3DKToys/SkullWars_010_PitBeast_Skull_3DKToys.zip
zip	/models/AnySTL/Boon's Party Pack/Coffin+Dance+Phone+Holder-1/Coffin+Dance+Phone+Holder-1.zip
zip	/models/DC/Joker Cara/Joker Cara.zip
zip	/models/Games/Goon Master Game - Sewer Dwellers/Goon Master Game - Sewer Dwellers-20230106T172750Z-001.zip
zip	/models/Movie TV/Neytiri Avatar Bust (2)/Neytiri Avatar Bust.zip
zip	/models/DC/Superheroes League Bust Set (Malix3D)/Malix3D - Superheroes League.zip
zip	/models/D&D/Tyson Troll Bust Set (Archivestl)/Human Chess set-pre-supported.zip
7z	/models/Games/Alliance Stormtrooper Samurai/Stormtrooper_Samurai_SFW.7z
7z	/models/AnySTL/Artisan Guild - Maneater Nagarots/Dragon Trappers Lodge/Dragon Trappers Lodge - 20Nov - Werewolf/Dragon Trappers Lodge - 20Nov - Werewolf.7z
7z	/models/AnySTL/Artisan Guild - Maneater Nagarots/Art of Mike/uploads_files_sniper4/uploads_files_sniper4.7z
7z	/models/Movie TV/Ahsoka Tano and the Rancor/Obi Wan Kenobi/Obi Wan Kenobi.7z
7z	/models/AnySTL/Alien Xenomorph/War Darksiders - GAMBODY/Darksiders - War - Gambody.7z
7z	/models/Games/Bloodborne Hunter and Beast Set/Bloodborne Set.7z
7z	/models/Games/Pirates VS Cthulhu (Rocket Pig Games)/Rocket Pig Games/Rocket Pig Games - Miniatures/Rocket Pig Games - Dwarven War Construct.7z
7z	/models/D&D/Crusader Diorama/The Lost Adventures/Heros Hoard the lost adventures scenery/Heros Hoard the lost adventures scenery.7z
7z	/models/D&D/Crusader Diorama/Reptilian Overlords 60/Reptilian Overlords - September 2020 - Supported/Reptilian Overlords - September 2020 - Supported.7z
7z	/models/D&D/A Witcher Contract Collection/Shanty/Shanty.7z
7z	/models/Unknown/Garsnitch/Garsnitch/Garsnitch.7z
7z	/models/D&D/Ypponia Centaur Archer/Ypponia/Ypponia.7z
7z	/models/AnySTL/Artisan Guild - Maneater Nagarots/Epics n Stuff/Epics'N'Stuffs_PPEShroomie/Epics'N'Stuffs_PPEShroomie.7z
7z	/models/Unknown/Rocket Pig Games/New/Rocket Pig Games - Darkspell Imp/Rocket Pig Games - Darkspell Imp.7z
7z	/models/D&D/Crusader Diorama/Megs3d June/Megs3d June 2/Megs3d June 2.7z
7z	/models/D&D/Alice in Wonderland Miniature Set (LYS)/STL_Prince Charming Mounted_SUPPORTED.7z
7z	/models/AnySTL/Artisan Guild - Maneater Nagarots/Dragon Trappers Lodge/Dragon Trappers Lodge - 20Nov - Whisper Demon/Dragon Trappers Lodge - 20Nov - Whisper Demon.7z
7z	/models/AnySTL/Artisan Guild - Maneater Nagarots/Creature Armory/02. August 2020/The Path to Valhalla/STL/Split/Split.7z
7z	/models/Movie TV/Winter is Coming Stark Mug/Money Heist (La Casa de Papel)/Tokyo la casa de papel 2/Tokyo la casa de papel.7z
7z	/models/D&D/Tytantroll Miniatures February 2020 Pack/Faun Archer 01/Faun Archer 01.7z
7z	/models/D&D/Crusader Diorama/Anvil Industry 5/September - Modern Post Apoc/September - Modern Post Apoc.7z
7z	/models/D&D/Post-Apocalypse Miniatures Set (Anvil Digital Forge)/Anvil Digital Forge - 2021-05 - Recon Drop Troopers.7z
7z	/models/DC/Agent Venom Statue/DeadPool/Deadpool cgtrader/Deadpool cgtrader.7z
7z	/models/AnySTL/Artisan Guild - Maneater Nagarots/Artisan Guild/21-02 AG Old-Burg Fallen Ones (Pre & Unsupported)/21-02 AG Old-Burg Fallen Ones (Pre & Unsupported).7z
7z	/models/D&D/Ogre Boi/Fixed Kobold Wizard/Fixed Kobold Wizard.7z
7z	/models/Unknown/Rocket Pig Games/Rocket Pig Games - Miniatures/Rocket Pig Games - Shield Construct/Rocket Pig Games - Shield Construct.7z
7z	/models/AnySTL/Artisan Guild - Maneater Nagarots/3dartdigital/21_05_3DAD_Kingdom_of_Coralan_part1_Pre_&_Unsupported/21_05_3DAD_Kingdom_of_Coralan_part1_Pre_&_Unsupported.7z
7z	/models/AnySTL/Alien Xenomorph/EVE Rifter - GAMBODY_DiskStation_Feb-17-2056-2023_UploadPathCaseConflict/Eve Rifter..7z
7z	/models/D&D/Creatures of Cromsfall/Nightgaunt/Nightgaunt Stalk/Collectible/STL/Body/Body.7z
7z	/models/D&D/Crusader Diorama/Cast n Play/Cast and Play - Wizards Guild/141 - 151 - Wizard_s Guild - CastNPlay.7z
7z	/models/Movie TV/Silver Surfer (2)/3DWicked - Mantis/3DWicked - Mantis.7z
7z	/models/D&D/Elemental Pack (Printed Obsession)/Printed Obsession - Vecna Lich.7z
7z	/models/Cosplay/Imperial Groundcrew Helmet/Imperial Groundcrew helmet.7z
7z	/models/DC/Agent Venom Statue/Gambit_Sanix/Gambit_Sanix.7z
7z	/models/DC/Agent Venom Statue/Hex3D Marvel Chess/Hex3D_Marvel Chess_VillainPack1/Hex3D_Marvel Chess_VillainPack1.7z
7z	/models/Unknown/Rocket Pig Games/New/Rocket Pig Games - Island Turtle/Rocket Pig Games - Island Turtle.7z
7z	/models/D&D/Loot Studios Fantasy Collection/Loot_Studios_07_20Dec_A_Light_in_the_Dark/Loot Studios - 07 - 20Dec - A Light in the Dark - Devil Chest/Loot Studios - 07 - 20Dec - A Light in the Dark - Devil Chest.7z
7z	/models/Games/XV8 Crisis Battlesuit Set (PiperMakes)/PiperMakes - Drone - Pleco (Remora (80%)).7z
7z	/models/D&D/Creatures of Cromsfall/Nyarlathotep/Collectible/Bases/Base/Base.7z
7z	/models/AnySTL/Artisan Guild - Maneater Nagarots/Forest Dragon Miniatures/Forest Dragon July 2020/Forest Dragon July 2020.7z
tar_gz	/models/Anime/Akira Kaneda's Bike/Guyver/guyver unit 2/model_file.bin/model_file.bin.gz
tar_gz	/models/DC/Batgirl Sanix/TDK BANE2/wireframe.osgjs/wireframe.osgjs.gz
tar_gz	/models/Anime/Akira Kaneda's Bike/Guyver/guyver units/model_file.bin/model_file.bin.gz
tar_gz	/models/Anime/Akira Kaneda's Bike/Guyver/guyver units/file.osgjs/file.osgjs.gz
tar_gz	/models/DC/Batgirl Sanix/TDK BANE2/model_file.bin/model_file.bin.gz
tar_gz	/models/Movie TV/King of the Sea - Aquaman Figure/Arnold Pose/model_file_wireframe.bin/model_file_wireframe.bin.gz
tar_gz	/models/DC/Batgirl Sanix/TDK BANE2/file.osgjs/file.osgjs.gz
tar_gz	/models/DC/Batgirl Sanix/TDK BANE2/model_wireframe.bin/model_wireframe.bin.gz
tar_gz	/models/DC/Batgirl Sanix/Batman tactical suit_split_keyed_DS/file.osgjs__1/file.osgjs.gz
tar_gz	/models/DC/Batgirl Sanix/Batman tactical suit_split_keyed_DS/model_file_wireframe.bin__1/model_file_wireframe.bin.gz
tar_gz	/models/AnySTL/Arnold Pose Full Body Sculpt (Ruslan Gadzhiev)/file.osgjs.gz
tar_gz	/models/Anime/Akira Kaneda's Bike/Guyver/Guyver bust 2/file.osgjs/file.osgjs.gz
tar_gz	/models/AnySTL/Arnold Pose Full Body Sculpt (Ruslan Gadzhiev)/model_file.bin.gz
tar_gz	/models/Movie TV/King of the Sea - Aquaman Figure/Arnold Pose/file.osgjs/file.osgjs.gz
tar_gz	/models/AnySTL/Arnold Pose Full Body Sculpt (Ruslan Gadzhiev)/model_file_wireframe.bin.gz
tar_gz	/models/DC/Batgirl Sanix/Batman tactical suit_split_keyed_DS/model_file.bin__1/model_file.bin.gz
tar_gz	/models/Anime/Akira Kaneda's Bike/Guyver/guyver 01/file.osgjs/file.osgjs.gz
tar_gz	/models/Anime/Akira Kaneda's Bike/Guyver/Guyver bust 2/model_file.bin/model_file.bin.gz
tar_gz	/models/Anime/Akira Kaneda's Bike/Guyver/guyver 01/model_file.bin/model_file.bin.gz
tar_gz	/models/Unknown/SmartPhone_Microscope/SmartPhone_Microscope/GlassTable-Adjusted.cmb/GlassTable-Adjusted.cmb.gz
tar_gz	/models/Anime/Akira Kaneda's Bike/Guyver/Guyver bust 2/model_file_wireframe (1).bin/model_file_wireframe (1).bin.gz
tar_gz	/models/Anime/Akira Kaneda's Bike/Guyver/guyver unit 2/file.osgjs/file.osgjs.gz
tar_gz	/models/Movie TV/King of the Sea - Aquaman Figure/Arnold Pose/model_file.bin/model_file.bin.gz
rar4	/models/AnySTL/Artisan Guild - Maneater Nagarots/Emmanuel Lepas/Emmanuel_Lepas_Fantastic_Plants_and_Rocks_Kickstarter_Plants_Stretch/Emmanuel_Lepas_Fantastic_Plants_and_Rocks_Kickstarter_Plants_Stretch.rar
rar5	/models/Movie TV/Ahsoka Tano and the Rancor/Meditating on Slave1/Meditating on Slave1.rar
rar5	/models/Unknown/GAMBODY#1/Adult Groot - GAMBODY.rar
rar4	/models/Games/Mario and Luigi Character Set/clarence_Kid_on_the_house.rar
rar5	/models/D&D/Speak of the Devil Act II - Archvillain Games/Archvillain_Games_2022_07_Speak_of_the_Devil_Act_II_part14.rar
rar5	/models/DC/Darkseid Sitting on Throne/Darkseid_throneSTL.rar
rar5	/models/Movie TV/Winter is Coming Stark Mug/The Lord of the Rings/dedo sauron/dedo sauron.rar
rar5	/models/Anime/Akira Kaneda's Bike/One Punch Man/One Punch Man.rar
rar4	/models/Anime/Videl Dragon Ball Full Body Figure (AdultFreeSTL)/Videl_Dragon Ball.rar
rar5	/models/D&D/Crusader Diorama/Witch Barrow - Printed Scenery/Bonus - Witch Barrow.rar
rar5	/models/Games/Street fighter - Ryu/Street fighter - Ryu.rar
rar5	/models/Movie TV/Ahsoka Tano and the Rancor/Star Wars Legion/Swamp Speeder/Swamp Speeder.rar
rar5	/models/AnySTL/Historical Sailing Ships Collection/3rd+&+5th+Rate+Frigate+Line.rar
rar4	/models/AnySTL/Boon's Party Pack - 3DKitbash/HimaN/Heman realistic 3D printing parts1-6/Heman realistic 3D printing parts1-6.rar
rar4	/models/Cartoons/Leonardo Full Body Statue/Leonardo 1-10 scale for PATRONS.rar
rar4	/models/Movie TV/Gollum Bust/Gollum_Free_STL.rar
rar5	/models/AnySTL/Articulated Dragon Robot With Moving Jaws/articulated-bone-finger/bone-finger.rar
rar5	/models/AnySTL/BlueThunderHelicopter/RC cars and planes/Go-Kart-C4D-Model-By-Sam-Brown/Go-Kart-C4D-Model-By-Sam-Brown.rar
rar4	/models/Games/Valour Korps Infantry & Builder Set (AiR)/5th Blitz Krops - Lieutenant Hans.rar
rar4	/models/Movie TV/Winter is Coming Stark Mug/Karate Kid/PlaKit_KarateKid_Jhonny_Lawrence/PlaKit_KarateKid_Jhonny_Lawrence.rar
rar5	/models/AnySTL/Artisan Guild - Maneater Nagarots/Anvil Digital Forge/Anvil Digital Forge - 2020-05 - By AiR/Anvil Digital Forge - 2020-05 - By AiR.rar
rar4	/models/Cosplay/Lord Drakkon Helmet and Coin Set (Do3D)/Lord Drakkon/RENB-helmet-lord-drakkon-3d-print-file-by-do3d/RENB-helmet-lord-drakkon-3d-print-file-by-do3d.rar
rar5	/models/Movie TV/Ahsoka Tano and the Rancor/Star Wars Legion/Bounty Hunter Male Accessory Expansion Pack/Bounty Hunter Male Accessory Expansion Pack.rar
rar5	/models/Unknown/Fragmintz Weapon x/Fragmintz Weapon x.rar
rar5	/models/Movie TV/Groot Mate Set/Set Policia Mate/MATES POLICIA.rar
rar5	/models/Games/Warhammer 40k Adeptus Custodes Dreadnought Contemptor/40k.Adeptas Sororitas/40k.AS.Infanteria v01.Crusade v06/40k.AS.Infanteria v01.Crusade v06.rar
rar4	/models/AnySTL/Lady Armanoid Space Adventure Cobra Full Body/Space Adventure cobra-LADY ARMANOID.rar
rar4	/models/D&D/The Fang Clan of Dogor Fin’gaa Stonefang Miniature Set/Daybreak_2022-08_The_Fang_Clan_of_Dogor_Hivaa_Kantz.rar
rar5	/models/Movie TV/Winter is Coming Stark Mug/Pacific Rim/Cherno Alpha 3D Model (Pacific Rim) - Gambody/Cherno Alpha 3D Model (Pacific Rim) - Gambody.rar
rar4	/models/DC/Batman 2022 Full Body Statue/The Batman 2022.rar
rar5	/models/Movie TV/Stan Lee Excelsior 1922-2018 Tribute Bust/Stan Lee. Excelsior 1922-2018.rar
rar4	/models/DC/Batman Bust (Sanix)/BATMAN Bust stl files.rar
rar4	/models/Unknown/Starship/SS04-AE03 - Gantry pack - By AiR/SS04-AE03 - Gantry pack - By AiR.rar
rar4	/models/DC/Agent Venom Statue/Apocalypse/APocalypsebust U3d/APocalypsebust U3d.rar
rar4	/models/Movie TV/Tyrion Lannister Bust (Kleaf Laboratory)/CGtrader - GOT Tyrion Lannister.rar
rar4	/models/AnySTL/Boon's Party Pack/sanji one piece bust/sanji one piece bust.rar
rar5	/models/Movie TV/Lara Croft Full Body Figure (Meghal)/Angelina Lara Croft - Original + NSF.rar
rar5	/models/AnySTL/Alien Xenomorph/Fun Face Masks - GAMBODY/Bane/Bane.rar
rar5	/models/Unknown/MINI (111)/INDIVIDUAL RAR FILES/Mandalorian/Mandalorian.rar
rar5	/models/Games/Angelina Lara Croft/Megaman/Megaman pack.rar
rar5	/models/Unknown/Raging Heroes/Land of the Frost-Patreon/1_5080261414208143944/1_5080261414208143944.rar
rar5	/models/AnySTL/Epic Miniatures and Terrain Pack/Variados/00. Bases/160x160/160x160.rar
rar4	/models/DC/Captain America (3)/Hellgirl - CFD/Hellgirl_split_keyed_and_full_stls_DS.rar
rar5	/models/Games/Star Wars Legion Models/Christmas Troopers/Christmas Troopers.rar
rar5	/models/DC/Agent Venom Statue/Spiderman/SPIDERMAN TOXIN/SPIDERMAN TOXIN.rar
rar5	/models/Games/Pearl Pangan Full Body Statue (Genesis Collectibles)/wave perarl pangan.rar
rar5	/models/Unknown/MINI (111)/INDIVIDUAL RAR FILES/Hokusa 3D Designs - Bigmouth Cat/Hokusa 3D Designs  - Bigmouth Cat.rar
rar5	/models/Games/Shao Kahn Full Body Statue (Dimka134Russ)/Shao Kahn Cgtarder.rar
rar4	/models/Movie TV/Black Panther Full Suit Armor Set (Do3D)/black-panther-necklace-v2-3d-printable-model-by-do3d.rar
rar4	/models/Games/Necron Terrain Set/Décors Necrons.rar
rar4	/models/Movie TV/Night King Full Body Statue (Game of Thrones)/Night King Game of Throne.rar
rar5	/models/DC/Robin - HQ/Robin.rar
rar5	/models/Games/Angelina Lara Croft/The Witcher/The Witcher chibi coleccion/Ciri Chibi by Specialstl.com/Ciri Chibi by Specialstl.com.rar
rar4	/models/Unknown/Punga Miniatures/Punga Miniatures 500 Goal - Kramptooth/Punga Miniatures 500 Goal - Kramptooth.rar
rar5	/models/Unknown/warmachine/warmachine.rar
rar4	/models/Games/Freddie Mercury Full Body Statue (Gambody)/Gamebody freddy.rar
rar5	/models/AnySTL/Virgin Mary Statue - William La Saga/Estátua Dá Virgem Maria William La Saga 👊.rar
rar5	/models/Games/Star Wars Legion Models/Hokusa 3D Designs  - Space Rhino/Hokusa 3D Designs  - Space Rhino.rar
rar4	/models/Games/Citizens of the Old World - Heresy Lab/Heresy Lab citizens of the old world AX015.rar
rar4	/models/AnySTL/Castle of Dracula Miniature Set (Claycyanide)/Night Monster 1 - By AiR.rar
rar5	/models/D&D/Speak of the Devil Act II - Archvillain Games/Archvillain_Games_2022_07_Speak_of_the_Devil_Act_II_part02.rar
rar5	/models/Unknown/MINI (111)/INDIVIDUAL RAR FILES/Sand Dragon/Sand Dragon.rar
rar4	/models/DC/Agent Venom Statue/Villians/Thanos/THANOS sanix stl files/THANOS sanix stl files.rar
rar4	/models/Anime/Bardock Full Body Figure (KRC)/Bardok cápsula full .rar
rar5	/models/Anime/Sonia Pokemon Full Body Figure (AdultFreeSTL)/Sonia Pokemon 3D Print Model.rar
rar5	/models/Movie TV/Indoraptor Bust (Jurassic World)/Indoraptor Jurassic world.rar
rar5	/models/Movie TV/Valak the Nun Full Body Statue/Valak the nun.rar
rar4	/models/DC/Angel X-Men Full Body Statue (U3DPrintshop)/cable statue sf split keyed/cable statue sf_split_keyed.rar
rar4	/models/Unknown/Starship/Turret Ports - By AiR/Turret Ports - By AiR.rar
rar4	/models/DC/Angel X-Men Full Body Statue (U3DPrintshop)/LOGAN WITH X23 - CGTrader/LOGAN WITH X23/LOGAN_DIORAMA_002 OBJ.rar
rar4	/models/AnySTL/Ford Mustang GT500/Cults3D Ford Mustang GT500.rar
rar4	/models/AnySTL/3D Printed Cat Armor/cat-armor.rar
rar4	/models/Anime/Mazinger Z Full Body Action Pose/Mazinger Z.rar
rar4	/models/Movie TV/Ahsoka Tano and the Rancor/Star Wars - Rey Diorama 3D Sanix/Star Wars - Rey Diorama 3D.rar
rar4	/models/Games/Citizens of the Old World - Heresy Lab/Heresy Lab citizens of the old world AX001.rar
rar4	/models/Anime/Goku Full Body Pose (Maneirona) (2)/Texture.rar
rar4	/models/Games/Gaslands Gear Phase Skull/Blackbolt and Lockjaw/Blackbolt and Lockjaw.rar
rar4	/models/DC/Agent Venom Statue/X - Men/Magneto Vs Wolverine/Magneto Vs Wolverine.rar
rar4	/models/Anime/Broly - Dragon Ball FighterZ/dragonball bulma cgtrader/Texture_Bulma.rar
rar4	/models/Anime/Escanor - Seven Deadly Sins/Escanor - Seven Deadly Sins.rar
rar_split	/models/AnySTL/Boon's Party Pack/Katsumi/Monthly Model (Updated 05-20).part4/Monthly Model (Updated 05-20).part4.rar
rar_split	/models/AnySTL/Boon's Party Pack/Kitbash/KITOPSKitbashingBlenderAddonv1/KITOPSKitbashingBlenderAddonv1.04.part1/KITOPSKitbashingBlenderAddonv1.04.part1.rar
rar_split	/models/Unknown/Skies of Sordane/Skies of Sordane KS - Ships.part11/Skies of Sordane KS - Ships.part11.rar
rar_split	/models/Unknown/Skies of Sordane/Skies of Sordane KS - Ships.part02/Skies of Sordane KS - Ships.part02.rar
rar_split	/models/AnySTL/Artisan Guild - Maneater Nagarots/Dragon Trappers Lodge/The Dragon Trapper's Lodge 21-3/The Dragon Trapper's Lodge 21-3.part4/The Dragon Trapper's Lodge 21-3.part4.rar
rar_split	/models/Unknown/Signum Workshop 2021-05 May underworld/Legends of Sigum/Legends of Sigum April 2021 by @allstl.part3/Legends of Sigum April 2021 by @allstl.part3.rar
rar_split	/models/Unknown/Wukong Journey to the West KS/Wukong Journey to the West KS.part1/Wukong Journey to the West KS.part1.rar
rar_split	/models/D&D/Clorehaven & the Goblin Grotto Terrain Set/Clorehaven and Goblin Grotto.part1.rar;/models/D&D/Clorehaven & the Goblin Grotto Terrain Set/Clorehaven and Goblin Grotto.part2.rar;/models/D&D/Clorehaven & the Goblin Grotto Terrain Set/Clorehaven and Goblin Grotto.part3.rar
rar_split	/models/DC/Wonder Woman part2/Wonder Woman.part2.rar
rar_split	/models/AnySTL/Chibi Characters Collection/Corrida Maluca-Wacky Races-Los Autos Locos (completo).part2/Corrida Maluca-Wacky Races-Los Autos Locos (completo).part2.rar
